nb_id,repo_id,err_in
1002342,29721163,api
1004322,72808162,api
1010017,89438537,no_code
1012486,89099984,num_projects
1012486,89099984,num_ds_projects
1012486,89099984,num_followers
1012486,89099984,account_age
1012797,72123088,api
1012825,86170615,api
1013068,72123088,api
1013084,86170615,api
101340,66478811,no_code
101425,80116644,no_code
101428,41753170,no_code
1014512,46978120,api
1014833,70265123,num_projects
1014833,70265123,num_ds_projects
1014833,70265123,num_followers
1014833,70265123,account_age
101487,59383520,no_code
1015936,72123088,api
1016234,72123088,api
1016480,46978120,api
1016839,72123088,api
1017551,76853073,api
1017552,76853073,api
1018468,72123088,api
1018469,72123088,api
1018662,39704412,api
1018760,72123088,api
1018761,72123088,api
1018762,72123088,api
1018763,72123088,api
1018764,72123088,api
1018875,72123088,api
1018876,72123088,api
1018877,72123088,api
1019253,64794951,num_projects
1019253,64794951,num_ds_projects
1019253,64794951,num_followers
1019253,64794951,account_age
1019714,89099984,num_projects
1019714,89099984,num_ds_projects
1019714,89099984,num_followers
1019714,89099984,account_age
1021477,82157744,no_code
1022001,72212570,api
1022564,78016003,api
1023150,72123088,api
1023448,72123088,api
1023569,72123088,api
1025541,76140350,api
1025974,72123088,api
1025975,72123088,api
1026964,72123088,api
1027256,76670855,no_code
102885,39704412,api
102886,39704412,api
1033161,15124520,no_code
103332,72123088,api
1033375,15124520,no_code
1034341,36578950,num_projects
1034341,36578950,num_ds_projects
1034341,36578950,num_followers
1034341,36578950,account_age
1034788,87916053,api
103622,84963981,api
1037665,72123088,api
1042326,46978120,api
1043280,90853836,api
1043739,90853836,api
1044707,50542516,api
1045344,65024071,api
1046339,93647670,api
1046570,39704412,api
1048857,39704412,api
105158,39704412,api
1052272,96816927,api
1052491,96816927,api
1054080,36578950,num_projects
1054080,36578950,num_ds_projects
1054080,36578950,num_followers
1054080,36578950,account_age
1054081,36578950,num_projects
1054081,36578950,num_ds_projects
1054081,36578950,num_followers
1054081,36578950,account_age
1054804,44319376,num_projects
1054804,44319376,num_ds_projects
1054804,44319376,num_followers
1054804,44319376,account_age
1055071,72123088,api
1055901,89605633,api
1056423,72123088,api
1056827,58432976,api
1057064,72123088,api
1057342,72123088,api
1057787,71765795,num_projects
1057787,71765795,num_ds_projects
1057787,71765795,num_followers
1057787,71765795,account_age
1058446,58432976,api
1060107,89605633,api
1062054,72123088,api
106780,76670855,no_code
1067868,77442819,api
1068322,84131336,api
106841,76670855,no_code
1069170,72123088,api
1070789,50491352,api
1072181,46978120,api
1072215,75555399,api
1072544,89099984,num_projects
1072544,89099984,num_ds_projects
1072544,89099984,num_followers
1072544,89099984,account_age
1075047,70417701,api
107660,46978120,api
1077020,89605633,api
107772,39704412,api
1078040,63450709,no_code
1078706,44319376,num_projects
1078706,44319376,num_ds_projects
1078706,44319376,num_followers
1078706,44319376,account_age
1084366,72123088,api
108635,96816927,api
108636,96816927,api
1086883,96816927,api
1087152,96816927,api
1088407,72123088,api
1088408,72123088,api
1088481,72123088,api
1089469,29721163,no_code
1090811,72123088,api
1090812,72123088,api
1090813,72123088,api
1090914,90853836,api
1091027,72123088,api
1091028,72123088,api
1092108,72123088,api
1093300,78300301,api
1093476,65024071,api
1096894,72123088,api
1097043,84131336,api
1097161,72123088,api
1097242,91951566,api
1098149,65024071,api
1101012,50542516,no_code
1102252,44220745,no_code
1102493,29721163,api
1103136,72123088,api
1109280,87916053,api
1109281,87916053,api
1110101,85843700,no_code
1110161,86170615,api
111058,46978120,api
1111255,46978120,api
1111489,78854314,api
1111612,78854314,api
1113987,72123088,api
1115027,93944162,nb_file
1115112,72123088,api
1115277,47832201,no_code
1117112,78300301,api
1117462,72590259,api
1117792,76670855,no_code
1118993,95004508,no_code
1119689,90853836,api
1121768,72123088,api
1121915,76140350,api
1122,72123088,api
1127315,74751362,api
1127370,89099984,num_projects
1127370,89099984,num_ds_projects
1127370,89099984,num_followers
1127370,89099984,account_age
1127899,75093696,num_projects
1127899,75093696,num_ds_projects
1127899,75093696,num_followers
1127899,75093696,account_age
1128898,78300301,api
1130084,89605633,api
1131643,72123088,api
1134404,78016003,api
1135857,83615166,api
1135858,83615166,api
1136291,72123088,api
1136292,72123088,api
1137533,39704412,api
1137534,39704412,api
1137702,39704412,api
1137703,39704412,api
1137814,90298172,api
1137941,39310916,api
1137983,29721163,api
1138171,39310916,api
1138317,72123088,api
1141796,16646759,num_projects
1141796,16646759,num_ds_projects
1141796,16646759,num_followers
1141796,16646759,account_age
1142716,89605633,api
1142728,72123088,api
1143494,39704412,api
1143495,39704412,api
1145680,25204651,no_code
1146397,85843700,no_code
1146402,51733171,api
1146403,51733171,api
1146513,85843700,no_code
1151077,83615166,api
1151310,83615166,api
1151438,72123088,api
1151439,72123088,api
1156427,52065002,api
1158651,15631524,api
1159201,34963148,api
115992,61073464,num_projects
115992,61073464,num_ds_projects
115992,61073464,num_followers
115992,61073464,account_age
1159968,44319376,num_projects
1159968,44319376,num_ds_projects
1159968,44319376,num_followers
1159968,44319376,account_age
1160249,88235665,api
1160638,50542516,api
1160967,39704412,api
1161352,72123088,api
1164491,95004508,no_code
1164597,95785364,num_projects
1164597,95785364,num_ds_projects
1164597,95785364,num_followers
1164597,95785364,account_age
1166848,77948798,num_projects
1166848,77948798,num_ds_projects
1166848,77948798,num_followers
1166848,77948798,account_age
116917,39704412,api
116918,39704412,api
1170693,72123088,api
117189,61073464,num_projects
117189,61073464,num_ds_projects
117189,61073464,num_followers
117189,61073464,account_age
1174310,12488872,no_code
1174591,22551349,no_code
1174592,22551349,no_code
1176096,75093696,num_projects
1176096,75093696,num_ds_projects
1176096,75093696,num_followers
1176096,75093696,account_age
1176283,54365278,api
1178310,36578950,num_projects
1178310,36578950,num_ds_projects
1178310,36578950,num_followers
1178310,36578950,account_age
1178448,36578950,num_projects
1178448,36578950,num_ds_projects
1178448,36578950,num_followers
1178448,36578950,account_age
1178460,39704412,api
1178580,72123088,api
1182699,93597541,num_projects
1182699,93597541,num_ds_projects
1182699,93597541,num_followers
1182699,93597541,account_age
1182744,44319376,num_projects
1182744,44319376,num_ds_projects
1182744,44319376,num_followers
1182744,44319376,account_age
1183858,61159633,num_projects
1183858,61159633,num_ds_projects
1183858,61159633,num_followers
1183858,61159633,account_age
1184074,72123088,api
1187345,44319376,num_projects
1187345,44319376,num_ds_projects
1187345,44319376,num_followers
1187345,44319376,account_age
1187948,36578950,num_projects
1187948,36578950,num_ds_projects
1187948,36578950,num_followers
1187948,36578950,account_age
1187961,96592997,no_code
1188154,96188406,no_code
1188262,36578950,num_projects
1188262,36578950,num_ds_projects
1188262,36578950,num_followers
1188262,36578950,account_age
1188926,16646759,num_projects
1188926,16646759,num_ds_projects
1188926,16646759,num_followers
1188926,16646759,account_age
1189189,29408527,no_code
1189947,61073464,num_projects
1189947,61073464,num_ds_projects
1189947,61073464,num_followers
1189947,61073464,account_age
119233,33995773,no_code
119268,79903191,api
1193662,29721163,api
1194011,72123088,api
1194310,44319376,nb_file
1195259,78300301,api
1195726,72123088,api
1198110,39704412,api
1198522,72123088,api
1198613,72123088,api
1199281,70417701,api
1199984,64496936,api
1200298,72123088,api
1200666,39704412,api
1201531,70351844,api
1201567,83615166,api
1203891,39704412,api
1203892,39704412,api
120509,61073464,num_projects
120509,61073464,num_ds_projects
120509,61073464,num_followers
120509,61073464,account_age
1205327,72123088,api
120572,68899162,num_projects
120572,68899162,num_ds_projects
120572,68899162,num_followers
120572,68899162,account_age
1209830,39704412,api
1209831,39704412,api
1209951,39704412,api
1210039,72123088,api
1210174,39704412,api
1212315,39704412,api
1212316,39704412,api
1213672,50718444,api
1216157,65024071,api
1216591,39704412,api
1216592,39704412,api
1216708,39704412,api
1216709,39704412,api
1219110,34963148,api
122177,65168334,api
1222417,72123088,api
122300,39704412,api
122301,39704412,api
1223965,72123088,api
1224169,93695354,api
1224431,93695354,api
122500,61073464,num_projects
122500,61073464,num_ds_projects
122500,61073464,num_followers
122500,61073464,account_age
1225444,72123088,api
1226543,65922591,api
1228011,55011178,nb_file
1230216,86403369,num_projects
1230216,86403369,num_ds_projects
1230216,86403369,num_followers
1230216,86403369,account_age
1230764,72123088,api
1231147,72123088,api
1231780,29998194,api
1232585,29408527,no_code
1233771,89605633,api
1235577,44319376,num_projects
1235577,44319376,num_ds_projects
1235577,44319376,num_followers
1235577,44319376,account_age
1237616,90298172,api
1237731,39704412,api
123791,39704412,api
123792,39704412,api
1240170,72123088,api
1244791,39704412,api
1244914,39704412,api
1244915,39704412,api
1245046,61073464,num_projects
1245046,61073464,num_ds_projects
1245046,61073464,num_followers
1245046,61073464,account_age
1245911,39704412,api
1246020,39704412,api
1246021,39704412,api
1246793,79652584,api
1247746,36578950,num_projects
1247746,36578950,num_ds_projects
1247746,36578950,num_followers
1247746,36578950,account_age
1247861,36578950,num_projects
1247861,36578950,num_ds_projects
1247861,36578950,num_followers
1247861,36578950,account_age
1248627,95004508,no_code
1251436,72123088,api
1252951,95785364,num_projects
1252951,95785364,num_ds_projects
1252951,95785364,num_followers
1252951,95785364,account_age
1253529,89605633,api
1255478,72123088,api
1256286,72123088,api
1256755,40293216,no_code
1259014,40293216,no_code
1259961,21912369,api
1260670,92013146,api
126709,39704412,api
126718,39704412,api
128803,39704412,api
128834,77442819,api
129962,34963148,api
13018,89605633,api
131480,93597541,num_projects
131480,93597541,num_ds_projects
131480,93597541,num_followers
131480,93597541,account_age
131888,39704412,api
132302,84223453,num_projects
132302,84223453,num_ds_projects
132302,84223453,num_followers
132302,84223453,account_age
132303,84223453,num_projects
132303,84223453,num_ds_projects
132303,84223453,num_followers
132303,84223453,account_age
132929,39704412,api
134222,39704412,api
135040,61159633,num_projects
135040,61159633,num_ds_projects
135040,61159633,num_followers
135040,61159633,account_age
13702,72123088,api
13837,39310916,api
13838,39310916,api
14235,36578950,num_projects
14235,36578950,num_ds_projects
14235,36578950,num_followers
14235,36578950,account_age
142374,72123088,api
142647,72123088,api
14341,36578950,num_projects
14341,36578950,num_ds_projects
14341,36578950,num_followers
14341,36578950,account_age
14342,36578950,num_projects
14342,36578950,num_ds_projects
14342,36578950,num_followers
14342,36578950,account_age
143430,39310916,api
143866,56998508,api
14428,72123088,api
145447,72123088,api
14593,72123088,api
146066,50542516,no_code
149416,46978120,api
149676,72123088,api
151176,39704412,api
151289,72123088,api
152432,36578950,num_projects
152432,36578950,num_ds_projects
152432,36578950,num_followers
152432,36578950,account_age
152586,36578950,num_projects
152586,36578950,num_ds_projects
152586,36578950,num_followers
152586,36578950,account_age
152593,39704412,api
152594,39704412,api
152595,39704412,api
152610,29721163,api
153685,72123088,api
15577,72123088,api
155988,39704412,api
155989,39704412,api
156549,72123088,api
156618,72123088,api
157421,70417701,api
158009,72123088,api
15824,72123088,api
15874,92641079,api
16004,23371881,no_code
160930,29998194,api
164990,39704412,api
164991,39704412,api
164992,39704412,api
164993,39704412,api
165151,39704412,api
165152,39704412,api
166412,95004508,no_code
166634,50718444,api
167423,72123088,api
167871,72123088,api
168077,72123088,api
174430,71765795,num_projects
174430,71765795,num_ds_projects
174430,71765795,num_followers
174430,71765795,account_age
174539,61159633,num_projects
174539,61159633,num_ds_projects
174539,61159633,num_followers
174539,61159633,account_age
176525,39704412,api
178748,33159888,api
179436,51515174,num_projects
179436,51515174,num_ds_projects
179436,51515174,num_followers
179436,51515174,account_age
179487,51515174,num_projects
179487,51515174,num_ds_projects
179487,51515174,num_followers
179487,51515174,account_age
179779,72123088,api
180494,64794951,num_projects
180494,64794951,num_ds_projects
180494,64794951,num_followers
180494,64794951,account_age
18066,97127036,api
181253,25102541,api
181358,20598404,num_projects
181358,20598404,num_ds_projects
181358,20598404,num_followers
181358,20598404,account_age
181764,95785364,num_projects
181764,95785364,num_ds_projects
181764,95785364,num_followers
181764,95785364,account_age
182074,36578950,num_projects
182074,36578950,num_ds_projects
182074,36578950,num_followers
182074,36578950,account_age
182075,36578950,num_projects
182075,36578950,num_ds_projects
182075,36578950,num_followers
182075,36578950,account_age
183062,35095902,api
185386,85843700,api
185387,85843700,api
187130,77948798,num_projects
187130,77948798,num_ds_projects
187130,77948798,num_followers
187130,77948798,account_age
187637,47583155,no_code
187935,64794951,num_projects
187935,64794951,num_ds_projects
187935,64794951,num_followers
187935,64794951,account_age
189246,95785364,num_projects
189246,95785364,num_ds_projects
189246,95785364,num_followers
189246,95785364,account_age
189402,35095902,api
19145,30078602,no_code
192190,39310916,api
192280,39310916,api
194004,89605633,api
194435,39704412,api
194505,39704412,api
194712,44874909,api
194732,56998508,api
197134,72123088,api
19806,96816927,api
198183,40293216,no_code
199686,86619859,api
20046,96816927,api
203046,34963148,api
203110,96816927,api
203111,96816927,api
203121,64794951,num_projects
203121,64794951,num_ds_projects
203121,64794951,num_followers
203121,64794951,account_age
204918,72123088,api
207735,43584002,no_code
207831,43584002,no_code
208926,34764049,api
210864,50542516,api
211682,39704412,api
214115,72123088,api
214437,20816340,no_code
215630,72123088,api
215755,72123088,api
215756,72123088,api
215757,72123088,api
21759,23371881,no_code
218125,70417701,api
218453,40293216,no_code
218709,46978120,api
218929,29998194,api
218974,64794951,num_projects
218974,64794951,num_ds_projects
218974,64794951,num_followers
218974,64794951,account_age
22365,94347743,nb_file
224065,85231321,api
226323,72123088,api
227949,39704412,api
228028,39704412,api
228207,29408527,no_code
229003,72123088,api
232933,95004508,no_code
240884,87649222,api
242560,57032137,num_projects
242560,57032137,num_ds_projects
242560,57032137,num_followers
242560,57032137,account_age
243684,44220745,no_code
24559,72123088,api
246883,86170615,api
246890,72123088,api
246984,86170615,api
24722,72123088,api
248253,72123088,api
248320,72123088,api
249048,50491352,api
249630,72123088,api
249724,40293216,no_code
250128,76857007,api
250129,76857007,api
250755,72123088,api
252212,85843700,api
25225,23498651,api
255777,29998194,api
255778,29998194,api
257217,68758020,no_code
257738,56424681,no_code
259343,83615166,api
260323,93282436,api
260710,93638806,api
260899,72123088,api
262273,95004508,no_code
26645,52065002,api
266526,73319114,num_projects
266526,73319114,num_ds_projects
266526,73319114,num_followers
266526,73319114,account_age
268368,44085683,api
268592,20816340,no_code
269800,72123088,api
270200,72123088,api
271156,72123088,api
272623,72123088,api
273178,70051607,api
27362,21695154,no_code
27363,21695154,no_code
274922,75567150,no_code
276778,39704412,api
277256,39704412,api
277257,39704412,api
277273,89605633,api
27784,39704412,api
278726,72123088,api
280637,86403369,num_projects
280637,86403369,num_ds_projects
280637,86403369,num_followers
280637,86403369,account_age
280638,86403369,num_projects
280638,86403369,num_ds_projects
280638,86403369,num_followers
280638,86403369,account_age
281280,93944162,nb_file
281870,72123088,api
28217,36578950,num_projects
28217,36578950,num_ds_projects
28217,36578950,num_followers
28217,36578950,account_age
282196,52065002,api
283249,39704412,api
283250,39704412,api
28370,36578950,num_projects
28370,36578950,num_ds_projects
28370,36578950,num_followers
28370,36578950,account_age
2838,93944162,nb_file
285275,70417701,api
287847,56998508,api
2880,72123088,api
2881,72123088,api
288693,95004508,no_code
288771,39704412,api
291169,87649222,api
292754,72123088,api
294,33378844,nb_file
294098,46978120,api
294934,72123088,api
297039,72123088,api
29706,72123088,api
29707,72123088,api
29708,72123088,api
297331,87649222,api
297332,87649222,api
298816,72123088,api
299261,72123088,api
299375,93953657,api
299376,93953657,api
3030,72123088,api
303674,29998194,api
305621,39704412,api
307700,82157744,no_code
308906,57032137,num_projects
308906,57032137,num_ds_projects
308906,57032137,num_followers
308906,57032137,account_age
311878,72123088,api
31325,72123088,api
313697,72123088,api
314114,72123088,api
314359,93944162,nb_file
314884,76853073,api
314885,76853073,api
316019,89605633,api
316149,39310916,api
3165,39704412,api
3166,39704412,api
317123,29408527,no_code
318595,52065002,api
31958,75567150,no_code
321077,78016003,api
322345,29721163,api
322350,96816927,api
322470,96816927,api
327432,85579446,no_code
329,89953189,nb_file
329374,89605633,api
329850,72123088,api
329851,72123088,api
3318,39704412,api
3319,39704412,api
334395,58860442,api
334396,58860442,api
337778,29408527,no_code
339285,39310916,api
341371,46978120,api
3417,72123088,api
342748,29408527,no_code
342831,70417701,api
345303,70417701,api
345939,61073464,num_projects
345939,61073464,num_ds_projects
345939,61073464,num_followers
345939,61073464,account_age
347570,89605633,api
348901,50542516,api
349675,29408527,no_code
350321,72123088,api
351150,58860442,api
351604,54653443,num_projects
351604,54653443,num_ds_projects
351604,54653443,num_followers
351604,54653443,account_age
353686,72123088,api
353770,72123088,api
35637,90853836,api
357562,92641079,api
35928,72123088,api
36024,72123088,api
360560,89605633,api
361869,89605633,api
362226,46978120,api
362354,95004508,no_code
362461,39704412,api
362989,39704412,api
363219,72123088,api
363275,72123088,api
363276,72123088,api
364807,89605633,api
36487,44319376,num_projects
36487,44319376,num_ds_projects
36487,44319376,num_followers
36487,44319376,account_age
365316,78854314,api
365525,72123088,api
367346,39704412,api
367716,89605633,api
372834,87649222,api
372995,87649222,api
373596,36578950,num_projects
373596,36578950,num_ds_projects
373596,36578950,num_followers
373596,36578950,account_age
373702,36578950,num_projects
373702,36578950,num_ds_projects
373702,36578950,num_followers
373702,36578950,account_age
373895,29721163,api
373963,93934595,nb_file
375115,72123088,api
375664,39310916,api
375823,39310916,api
375824,39310916,api
375945,39310916,api
376521,39704412,api
376913,70051607,api
377179,78854314,api
378140,46978120,api
379582,72123088,api
379914,77442819,api
38129,72123088,api
382506,72123088,api
383340,29721163,api
383389,85231321,api
383709,63815335,api
384685,36578950,no_code
38520,58728738,no_code
385206,75567150,no_code
38546,29721163,api
385694,34963148,api
386890,85231321,api
388781,15631524,api
389358,78016003,api
389666,61073464,num_projects
389666,61073464,num_ds_projects
389666,61073464,num_followers
389666,61073464,account_age
394605,85379325,api
395478,90853836,api
396517,85231321,api
396879,43584002,no_code
397493,56424681,no_code
398184,72123088,api
39873,85231321,api
399751,72123088,api
399752,72123088,api
401325,72123088,api
402790,21912369,api
404409,70417701,api
405944,72123088,api
406855,72123088,api
406999,50542516,api
407114,72123088,api
407115,72123088,api
40835,90853836,api
408548,93282436,api
408840,72123088,api
409012,89605633,api
40903,39704412,api
409033,72123088,api
40911,8842233,nb_file
409556,93587890,no_code
414153,36578950,num_projects
414153,36578950,num_ds_projects
414153,36578950,num_followers
414153,36578950,account_age
414289,36578950,num_projects
414289,36578950,num_ds_projects
414289,36578950,num_followers
414289,36578950,account_age
414551,72123088,api
41457,35095902,api
417363,29408527,no_code
418940,72123088,api
419431,20598404,num_projects
419431,20598404,num_ds_projects
419431,20598404,num_followers
419431,20598404,account_age
422075,43584002,no_code
422076,43584002,no_code
423201,20816340,no_code
42326,35095902,api
425556,56424681,no_code
427932,20598404,num_projects
427932,20598404,num_ds_projects
427932,20598404,num_followers
427932,20598404,account_age
428732,77948798,num_projects
428732,77948798,num_ds_projects
428732,77948798,num_followers
428732,77948798,account_age
428888,67269977,api
42902,39704412,api
430293,70417701,api
432922,77948798,num_projects
432922,77948798,num_ds_projects
432922,77948798,num_followers
432922,77948798,account_age
432923,77948798,num_projects
432923,77948798,num_ds_projects
432923,77948798,num_followers
432923,77948798,account_age
433776,29408527,no_code
43420,77948798,num_projects
43420,77948798,num_ds_projects
43420,77948798,num_followers
43420,77948798,account_age
43421,77948798,num_projects
43421,77948798,num_ds_projects
43421,77948798,num_followers
43421,77948798,account_age
434382,46978120,api
43478,75684115,api
434785,93944162,nb_file
435848,72123088,api
436088,91951566,api
436181,40293216,no_code
438730,72123088,api
439316,46978120,api
440092,89605633,api
44491,78854314,api
446852,39704412,api
44838,46978120,api
453559,47778684,nb_file
454195,72123088,api
454330,72123088,api
454331,72123088,api
454332,72123088,api
454333,72123088,api
454334,72123088,api
454335,72123088,api
454336,72123088,api
454337,72123088,api
454338,72123088,api
454496,73319114,num_projects
454496,73319114,num_ds_projects
454496,73319114,num_followers
454496,73319114,account_age
454778,72123088,api
45666,72123088,api
45667,72123088,api
457012,80121886,num_projects
457012,80121886,num_ds_projects
457012,80121886,num_followers
457012,80121886,account_age
457437,72123088,api
458650,72123088,nb_file
458719,29408527,no_code
458948,72123088,api
460433,72123088,api
460458,30078602,nb_file
461408,96816927,api
462726,72123088,api
463811,86170615,api
464674,72123088,api
465252,88397625,no_code
465456,29408527,no_code
466100,72123088,api
468123,39704412,api
468757,15631524,api
469269,43584002,no_code
469384,43584002,no_code
471027,89605633,api
4713,72123088,api
472342,46978120,api
473653,21912369,api
474312,72123088,api
476482,34963148,api
477906,70051607,api
478305,86170615,api
480076,14750771,num_projects
480076,14750771,num_ds_projects
480076,14750771,num_followers
480076,14750771,account_age
484614,95004508,no_code
484676,29408527,no_code
485408,77948798,num_projects
485408,77948798,num_ds_projects
485408,77948798,num_followers
485408,77948798,account_age
487168,77442819,api
487319,63815335,api
48900,72123088,api
489251,36578950,num_projects
489251,36578950,num_ds_projects
489251,36578950,num_followers
489251,36578950,account_age
489382,36578950,num_projects
489382,36578950,num_ds_projects
489382,36578950,num_followers
489382,36578950,account_age
492616,77948798,num_projects
492616,77948798,num_ds_projects
492616,77948798,num_followers
492616,77948798,account_age
492617,77948798,num_projects
492617,77948798,num_ds_projects
492617,77948798,num_followers
492617,77948798,account_age
49269,86403369,num_projects
49269,86403369,num_ds_projects
49269,86403369,num_followers
49269,86403369,account_age
494038,36578950,num_projects
494038,36578950,num_ds_projects
494038,36578950,num_followers
494038,36578950,account_age
497036,72123088,api
497199,72123088,api
497540,92449648,num_projects
497540,92449648,num_ds_projects
497540,92449648,num_followers
497540,92449648,account_age
498813,15124520,no_code
499715,83615166,api
499964,83615166,api
500074,75567150,no_code
50017,72123088,api
500561,46978120,api
501236,46978120,api
50147,72123088,api
50148,72123088,api
501949,72123088,api
502529,95004508,no_code
503810,46978120,api
503901,72123088,api
503902,72123088,api
506645,42378439,no_code
508864,54653443,num_projects
508864,54653443,num_ds_projects
508864,54653443,num_followers
508864,54653443,account_age
509363,39704412,api
510141,72123088,api
510142,72123088,api
510401,72123088,api
510618,72123088,api
510751,81219823,no_code
511050,81219823,no_code
511674,72123088,api
51218,44319376,num_projects
51218,44319376,num_ds_projects
51218,44319376,num_followers
51218,44319376,account_age
515632,46978120,api
517040,83171786,api
51835,82157744,no_code
51836,82157744,no_code
518672,72123088,api
519878,83171786,api
519909,77948798,num_projects
519909,77948798,num_ds_projects
519909,77948798,num_followers
519909,77948798,account_age
520047,61159633,num_projects
520047,61159633,num_ds_projects
520047,61159633,num_followers
520047,61159633,account_age
520282,29998194,api
520685,95004508,no_code
521806,78300301,api
522399,85379325,api
523355,72123088,api
524294,72123088,api
525071,35095902,api
525579,64794951,num_projects
525579,64794951,num_ds_projects
525579,64794951,num_followers
525579,64794951,account_age
52615,72123088,api
526301,70417701,api
52675,85843700,api
52676,85843700,api
527187,89605633,api
52857,89605633,api
531968,64794951,num_projects
531968,64794951,num_ds_projects
531968,64794951,num_followers
531968,64794951,account_age
532426,64728388,api
532614,89605633,api
532892,39704412,api
533708,72123088,api
534460,72123088,api
538464,56424681,no_code
538649,70752864,nb_file
539604,72123088,api
54032,85843700,api
54033,85843700,api
54094,92641079,api
541884,95004508,no_code
542718,39704412,api
543876,46978120,api
54454,39704412,api
54455,39704412,api
54584,39704412,api
54605,30182677,no_code
546074,72123088,api
5461,72123088,api
547099,46978120,api
547551,72123088,api
547552,72123088,api
547712,91951566,api
547734,72123088,api
551891,29408527,no_code
552117,61073464,num_projects
552117,61073464,num_ds_projects
552117,61073464,num_followers
552117,61073464,account_age
552654,57032137,num_projects
552654,57032137,num_ds_projects
552654,57032137,num_followers
552654,57032137,account_age
552927,72123088,api
553848,96188406,no_code
55493,92847672,api
555299,70417701,api
557007,92710627,api
557592,80566567,num_projects
557592,80566567,num_ds_projects
557592,80566567,num_followers
557592,80566567,account_age
55844,39704412,api
562240,91127476,num_projects
562240,91127476,num_ds_projects
562240,91127476,num_followers
562240,91127476,account_age
563804,72123088,api
565885,16646759,num_projects
565885,16646759,num_ds_projects
565885,16646759,num_followers
565885,16646759,account_age
566071,93953657,api
566729,78770442,num_projects
566729,78770442,num_ds_projects
566729,78770442,num_followers
566729,78770442,account_age
568691,15124520,no_code
570604,85843700,api
570605,85843700,api
571496,89605633,api
578478,72123088,api
578479,72123088,api
579326,40293216,no_code
579504,65024071,api
579732,65024071,api
580,90590288,nb_file
582568,78770442,num_projects
582568,78770442,num_ds_projects
582568,78770442,num_followers
582568,78770442,account_age
58331,74307709,api
58349,50491352,api
583505,93953657,api
583506,93953657,api
585913,46978120,api
586908,92847672,api
58784,39704412,api
58785,39704412,api
589452,89605633,api
590341,72123088,api
59217,72123088,api
59218,72123088,api
593621,63446742,no_code
595094,85625654,num_projects
595094,85625654,num_ds_projects
595094,85625654,num_followers
595094,85625654,account_age
59568,46978120,api
595702,74393467,no_code
596818,46978120,api
600181,61159633,num_projects
600181,61159633,num_ds_projects
600181,61159633,num_followers
600181,61159633,account_age
600340,39704412,api
600944,90853836,api
600992,70051607,api
601693,64496936,api
602217,64794951,num_projects
602217,64794951,num_ds_projects
602217,64794951,num_followers
602217,64794951,account_age
605601,96816927,api
60804,21695154,no_code
60805,21695154,no_code
609687,53895284,no_code
611995,64794951,num_projects
611995,64794951,num_ds_projects
611995,64794951,num_followers
611995,64794951,account_age
61261,63446742,no_code
617035,72123088,api
62447,85231321,api
624857,70051607,api
625472,86403369,num_projects
625472,86403369,num_ds_projects
625472,86403369,num_followers
625472,86403369,account_age
625569,86403369,num_projects
625569,86403369,num_ds_projects
625569,86403369,num_followers
625569,86403369,account_age
626727,96173501,api
627244,93116247,api
627256,92167729,api
627568,93116247,api
628013,72808162,api
630091,89605633,api
630126,67269977,api
630304,52227281,api
630453,52227281,api
63166,72123088,api
632262,39704412,api
634195,88350128,api
634374,96935253,api
635288,72123088,api
635891,52065002,api
639129,72123088,api
644151,72123088,api
644791,72123088,api
645241,93282436,api
645254,46978120,api
645563,36578950,num_projects
645563,36578950,num_ds_projects
645563,36578950,num_followers
645563,36578950,account_age
645997,79443874,num_projects
645997,79443874,num_ds_projects
645997,79443874,num_followers
645997,79443874,account_age
646450,89605633,api
648086,89605633,no_code
648443,72123088,api
648717,96816927,api
648923,96816927,api
64978,46978120,api
65398,29721163,api
655374,78016003,api
655675,78016003,api
657589,16646759,num_projects
657589,16646759,num_ds_projects
657589,16646759,num_followers
657589,16646759,account_age
658732,76853073,api
658905,79128204,api
661743,90853836,api
661950,93282436,api
661951,93282436,api
662828,89074765,api
663247,90853836,api
663537,77615439,api
664163,39704412,api
665335,72123088,api
666278,92641079,api
667387,90853836,api
670602,72123088,api
670892,87649222,api
671268,72123088,api
671453,50542516,api
67304,70246055,nb_file
673841,50542516,api
674073,72123088,api
674074,72123088,api
675599,78770442,num_projects
675599,78770442,num_ds_projects
675599,78770442,num_followers
675599,78770442,account_age
676342,72123088,api
676518,92641079,api
683880,86619859,api
686408,89605633,api
686885,82157744,no_code
687712,39704412,api
688489,77615439,api
688873,39704412,api
689596,85231321,api
690060,61159633,num_projects
690060,61159633,num_ds_projects
690060,61159633,num_followers
690060,61159633,account_age
691301,46978120,api
691368,46978120,api
691414,77442819,api
691599,86170615,api
691600,86170615,api
691601,86170615,api
691763,86170615,api
692470,72123088,api
693558,88350128,api
696079,40293216,no_code
696366,72123088,api
696898,89605633,api
698699,72123088,api
7002,72123088,api
70064,44874909,api
700818,85843700,no_code
700819,85843700,no_code
701615,72123088,api
703503,36578950,num_projects
703503,36578950,num_ds_projects
703503,36578950,num_followers
703503,36578950,account_age
703504,36578950,num_projects
703504,36578950,num_ds_projects
703504,36578950,num_followers
703504,36578950,account_age
704099,86170615,api
704103,72123088,api
704104,72123088,api
705311,82157744,no_code
706384,90853836,api
707080,72123088,api
708740,72123088,api
713274,75567150,no_code
713780,29998194,api
715862,65024071,api
717709,86170615,api
718208,72123088,api
719544,72123088,api
723050,72123088,api
723051,72123088,api
726123,70417701,api
727252,94737524,no_code
729963,61073464,num_projects
729963,61073464,num_ds_projects
729963,61073464,num_followers
729963,61073464,account_age
731248,76853073,api
731661,72123088,api
737148,96816927,api
737149,96816927,api
737228,96816927,api
740532,72123088,api
741297,85379325,api
744633,50491352,api
745105,29408527,no_code
745123,82157744,no_code
747252,77615439,api
747414,93647670,api
748569,96816927,api
748570,96816927,api
748571,96816927,api
748572,96816927,api
748573,96816927,api
748574,96816927,api
748575,96816927,api
748576,96816927,api
748663,96816927,api
748664,96816927,api
748665,96816927,api
748666,96816927,api
749048,16646759,num_projects
749048,16646759,num_ds_projects
749048,16646759,num_followers
749048,16646759,account_age
749440,39704412,api
749590,39704412,api
751753,39704412,api
751946,39704412,api
752900,72123088,api
757957,72123088,api
758272,47644193,no_code
758751,33995773,no_code
760116,79443874,num_projects
760116,79443874,num_ds_projects
760116,79443874,num_followers
760116,79443874,account_age
76193,39704412,api
76242,72123088,api
762998,89605633,api
764790,44874909,api
768080,85843700,api
768081,85843700,api
768705,34764049,api
769606,83615166,api
769609,83615166,api
769672,72123088,api
769673,72123088,api
769942,72123088,api
770214,15124520,no_code
770535,15124520,no_code
771418,72123088,api
771419,72123088,api
771420,72123088,api
771679,72123088,api
771680,72123088,api
771689,78016003,api
771690,78016003,api
772049,90853836,api
772115,29998194,api
777434,44319376,num_projects
777434,44319376,num_ds_projects
777434,44319376,num_followers
777434,44319376,account_age
777884,77948798,num_projects
777884,77948798,num_ds_projects
777884,77948798,num_followers
777884,77948798,account_age
778000,72123088,api
778797,72212570,api
779283,50542516,api
779583,20816340,no_code
779786,20816340,no_code
779885,43584002,no_code
78111,72123088,api
785805,44319376,num_projects
785805,44319376,num_ds_projects
785805,44319376,num_followers
785805,44319376,account_age
786390,72123088,api
786599,72123088,api
786726,72123088,api
786849,62159180,nb_file
787922,44319376,num_projects
787922,44319376,num_ds_projects
787922,44319376,num_followers
787922,44319376,account_age
78814,39704412,api
789490,15124520,no_code
789703,15124520,no_code
789966,72123088,api
791637,21912369,api
793195,72123088,api
794342,95785364,num_projects
794342,95785364,num_ds_projects
794342,95785364,num_followers
794342,95785364,account_age
794461,72123088,api
794712,72123088,api
795195,40293216,no_code
795882,96816927,api
795957,96816927,api
79810,44319376,num_projects
79810,44319376,num_ds_projects
79810,44319376,num_followers
79810,44319376,account_age
798450,72123088,api
798614,85231321,api
799153,50542516,api
800221,90853836,api
800278,85231321,api
80261,70752864,nb_file
803477,43584002,no_code
803613,43584002,no_code
804177,87649222,api
806977,93647670,api
807252,92847672,api
809240,82988898,api
809241,82988898,api
811473,67269977,api
81662,72123088,api
817345,72123088,api
822452,72123088,api
82637,36578950,num_projects
82637,36578950,num_ds_projects
82637,36578950,num_followers
82637,36578950,account_age
82638,36578950,num_projects
82638,36578950,num_ds_projects
82638,36578950,num_followers
82638,36578950,account_age
830397,73319114,num_projects
830397,73319114,num_ds_projects
830397,73319114,num_followers
830397,73319114,account_age
831287,72123088,api
832265,70417701,api
83477,72123088,api
834875,90853836,api
83533,89605633,api
83539,72123088,api
83661,70417701,api
839888,39704412,api
839889,39704412,api
841352,85950305,api
842777,36578950,num_projects
842777,36578950,num_ds_projects
842777,36578950,num_followers
842777,36578950,account_age
84326,95004508,no_code
84557,77948798,num_projects
84557,77948798,num_ds_projects
84557,77948798,num_followers
84557,77948798,account_age
84679,76702941,num_projects
84679,76702941,num_ds_projects
84679,76702941,num_followers
84679,76702941,account_age
84732,77948798,num_projects
84732,77948798,num_ds_projects
84732,77948798,num_followers
84732,77948798,account_age
848441,86170615,api
851141,39704412,api
851142,39704412,api
851968,86170615,api
852232,39704412,api
853270,70051607,api
854641,29998194,api
854975,72123088,api
856923,95785364,num_projects
856923,95785364,num_ds_projects
856923,95785364,num_followers
856923,95785364,account_age
857349,93944162,nb_file
857571,50491352,api
859506,58860442,api
859798,72123088,api
860247,46978120,api
861537,96188406,no_code
862421,89605633,api
863461,86170615,api
866348,89074765,api
867029,72123088,api
867624,44874909,api
86837,62990478,api
870928,95785364,num_projects
870928,95785364,num_ds_projects
870928,95785364,num_followers
870928,95785364,account_age
870945,46978120,api
871898,39704412,api
871984,61159633,num_projects
871984,61159633,num_ds_projects
871984,61159633,num_followers
871984,61159633,account_age
872001,72123088,api
877978,73042769,api
879890,46978120,api
884543,89605633,api
885060,35095902,api
88728,36578950,num_projects
88728,36578950,num_ds_projects
88728,36578950,num_followers
88728,36578950,account_age
888346,92847672,api
88935,36578950,num_projects
88935,36578950,num_ds_projects
88935,36578950,num_followers
88935,36578950,account_age
89024,76288626,api
890477,89605633,api
89113,72123088,api
891447,86170615,api
891620,86170615,api
894962,96816927,api
894963,96816927,api
895217,39704412,api
896163,44874909,api
896711,96188406,no_code
896712,96188406,no_code
897648,78016003,api
901384,69988182,num_projects
901384,69988182,num_ds_projects
901384,69988182,num_followers
901384,69988182,account_age
9024,46978120,api
903167,91127476,num_projects
903167,91127476,num_ds_projects
903167,91127476,num_followers
903167,91127476,account_age
903498,79443874,num_projects
903498,79443874,num_ds_projects
903498,79443874,num_followers
903498,79443874,account_age
904354,72123088,api
906551,96816927,api
906552,96816927,api
906553,96816927,api
906987,78854314,api
911717,35095902,api
912331,85379325,api
918976,33890090,api
922642,77948798,num_projects
922642,77948798,num_ds_projects
922642,77948798,num_followers
922642,77948798,account_age
922778,77948798,num_projects
922778,77948798,num_ds_projects
922778,77948798,num_followers
922778,77948798,account_age
9242,46978120,api
926464,65024071,api
928544,59383520,no_code
92868,56424681,no_code
929928,72123088,api
930248,29721163,api
931339,96816927,api
931340,96816927,api
931341,96816927,api
931342,96816927,api
931645,72123088,api
932286,35095902,api
933169,71765795,num_projects
933169,71765795,num_ds_projects
933169,71765795,num_followers
933169,71765795,account_age
933572,72123088,api
934429,72123088,api
936038,89605633,api
936412,34963148,api
940480,96816927,api
941325,15124520,no_code
941536,15124520,no_code
943336,74751362,api
943839,91910156,num_projects
943839,91910156,num_ds_projects
943839,91910156,num_followers
943839,91910156,account_age
944151,72123088,api
944346,72123088,api
94751,72123088,api
947590,86170615,api
947748,86170615,api
949680,46978120,api
950359,63636793,api
95100,72123088,api
952518,72123088,api
9541,95910431,api
954910,72123088,api
955398,79652584,api
956376,89605633,api
95685,44319376,num_projects
95685,44319376,num_ds_projects
95685,44319376,num_followers
95685,44319376,account_age
958465,96816927,api
958599,96816927,api
962444,96816927,api
962445,96816927,api
9628,36578950,num_projects
9628,36578950,num_ds_projects
9628,36578950,num_followers
9628,36578950,account_age
963037,70874482,api
963609,72123088,api
963691,72123088,api
963692,72123088,api
964026,72123088,api
964193,72123088,api
964194,72123088,api
965445,72123088,api
966368,96816927,api
966464,96816927,api
966768,72123088,api
969069,90758200,api
969624,50491352,api
971463,96816927,api
971508,96816927,api
971509,96816927,api
971829,64496936,api
973224,72123088,api
973665,39704412,api
973993,85843700,no_code
973994,85843700,no_code
974556,90853836,api
975718,70351844,api
977269,39704412,api
977477,86403369,num_projects
977477,86403369,num_ds_projects
977477,86403369,num_followers
977477,86403369,account_age
977680,96816927,api
977783,96816927,api
977784,96816927,api
979526,72123088,api
979791,72123088,api
981237,90965020,api
981593,72123088,api
982375,72123088,api
984508,91910156,num_projects
984508,91910156,num_ds_projects
984508,91910156,num_followers
984508,91910156,account_age
984742,39704412,api
985192,96188406,no_code
986232,78854314,api
987304,40163668,no_code
987521,72123088,api
988040,50028684,num_projects
988040,50028684,num_ds_projects
988040,50028684,num_followers
988040,50028684,account_age
988328,93944162,nb_file
988899,46978120,api
989776,50718444,api
990416,67269977,api
991365,44874909,api
992107,35095902,api
992874,77948798,num_projects
992874,77948798,num_ds_projects
992874,77948798,num_followers
992874,77948798,account_age
993169,50491352,api
99376,39704412,api
993898,89605633,api
994208,39704412,api
994317,72123088,api
994851,77948798,num_projects
994851,77948798,num_ds_projects
994851,77948798,num_followers
994851,77948798,account_age
99505,72123088,api
99620,46978120,api
996393,29721163,api
996619,86403369,num_projects
996619,86403369,num_ds_projects
996619,86403369,num_followers
996619,86403369,account_age
997493,46978120,api
999055,72123088,api
999056,72123088,api
