nb_id,repo_id,err_in
107381,176796209,no code
107382,176796209,no code
107383,176796209,no code
107389,176814990,no code
107409,176834806,no code
107410,176834806,no code
107415,176834806,no code
107420,176834806,no code
107463,176803546,no code
107468,176803546,no code
107634,176845176,no code
107650,176887388,no code
107671,176908301,no code
107681,176908301,no code
107683,176908301,no code
107685,176908301,no code
107692,176908301,no code
107697,176908301,no code
107705,176908301,no code
107716,176908301,no code
107717,176908301,no code
107718,176908301,no code
107722,176908301,no code
107724,176908301,no code
107725,176908301,no code
107726,176908301,no code
107729,176908301,no code
107739,176908301,no code
107742,176908301,no code
107743,176908301,no code
107744,176908301,no code
107745,176908301,no code
107804,176892805,no code
107811,176906296,no code
107812,176906296,no code
107871,176983957,no code
107957,176965087,no code
107961,176965087,no code
107966,176965087,no code
107967,176965087,nb file
107989,176997133,nb file
107996,176997133,nb file
108053,177006433,no code
108054,177006433,no code
108055,177006433,no code
108058,177006433,no code
108059,177006433,no code
108066,177006433,no code
108070,177006433,no code
108074,177006433,no code
108077,177006433,no code
108078,177006433,no code
108082,177006433,no code
108083,177006433,no code
108084,177006433,no code
108087,177006433,no code
108088,177006433,no code
108089,177006433,no code
108095,177006433,no code
108096,177006433,no code
108097,177006433,no code
108103,177006433,no code
108104,177006433,no code
108106,177006433,no code
108113,177006433,no code
108116,177006433,no code
108202,177003621,filtered out
108203,177003621,filtered out
108204,177003621,filtered out
108205,177003621,filtered out
108206,177003621,filtered out
108207,177003621,filtered out
108208,177003621,filtered out
108209,177003621,filtered out
108210,177003621,filtered out
108211,177003621,filtered out
108212,177003621,filtered out
108213,177003621,filtered out
108214,177003621,filtered out
108215,177003621,filtered out
108216,177003621,filtered out
108217,177003621,filtered out
108220,177030320,num_commits
108228,177030320,no code
108231,177030320,num_commits
108233,177030320,num_commits
108236,177030320,no code
108244,177030320,num_commits
108250,177030320,num_commits
108252,177030320,no code
108254,177030320,num_commits
108255,177030320,no code
108263,177030320,no code
108303,177042477,no code
108457,177109266,no code
108608,177104032,no code
108766,177185158,no code
108809,177176525,no code
108864,177207845,no code
108867,177207845,no code
108921,177212545,no code
108922,177212545,no code
108945,177212491,no code
108949,177212491,no code
108951,177212491,no code
108952,177212491,no code
108954,177212491,no code
108955,177212491,no code
108957,177212491,no code
108959,177212491,no code
108960,177212491,no code
108961,177212491,no code
108962,177212491,no code
108964,177212491,no code
108971,177212491,no code
108972,177212491,no code
108974,177212491,no code
108975,177212491,no code
108979,177212491,no code
108980,177212491,no code
108987,177212491,no code
108988,177212491,no code
108994,177212491,no code
109010,177216273,no code
109201,177224727,no code
109204,177224727,no code
109208,177224727,no code
109212,177224727,no code
109215,177224727,no code
109216,177224727,no code
109217,177224727,no code
109222,177224727,no code
109226,177224727,no code
109227,177224727,no code
109229,177224727,no code
109262,177225519,no code
109266,177225519,no code
109289,177225296,has_author
109290,177225296,has_author
109291,177225296,has_author
109292,177225296,has_author
109293,177225296,has_author
109310,177259358,no code
109363,177251790,no code
109420,177267989,no code
109432,177267989,no code
109450,177267989,no code
109451,177267989,no code
109499,177282104,no code
109503,177282104,no code
109505,177282104,no code
109509,177282104,no code
109516,177282104,no code
109518,177282104,no code
109532,177282104,no code
109591,177315588,no code
109598,177298013,no code
109610,177318855,no code
109625,177314442,no code
109728,177347255,no code
109901,177373433,no code
110010,177356207,no code
110025,177363023,no code
110035,177363125,no code
110038,177363125,no code
110040,177363125,no code
110164,177403883,no code
110182,177397600,no code
110195,177397600,no code
110300,177387174,no code
110313,177387174,no code
110348,177387174,no code
110386,177387174,no code
110403,177387174,no code
110456,177377457,no code
110459,177377457,no code
110460,177377457,no code
110463,177377457,no code
110464,177377457,no code
110466,177377457,no code
110469,177377457,no code
110472,177377457,no code
110473,177377457,no code
110511,177380256,no code
110535,177426140,no code
110564,177411425,no code
110566,177411425,no code
110584,177411425,no code
110600,177445553,no code
110637,177421594,no code
110644,177446081,no code
110645,177446081,no code
110654,177446081,no code
110665,177446081,no code
110666,177446081,no code
110673,177446081,no code
110676,177446081,no code
110677,177446081,no code
110684,177446081,no code
110685,177446081,no code
110689,177446081,no code
110702,177446081,no code
110714,177446081,no code
110716,177446081,no code
110719,177446081,no code
110726,177446081,no code
110760,177430866,no code
110787,177418374,no code
110841,177477808,no code
110903,177493223,no code
110991,177503321,no code
111043,177519342,no code
111044,177519342,no code
111048,177519342,no code
111054,177523224,nb file
111103,177524872,no code
111104,177524872,no code
111105,177524872,no code
111106,177524872,no code
111109,177524872,no code
111113,177524872,no code
111222,177558662,no code
111232,177537275,nb file
111399,177626596,no code
111425,177603014,no code
111529,177655336,no code
111662,177660570,no code
111671,177660570,no code
111694,177640106,no code
111695,177640106,no code
111715,177640106,no code
111750,177670103,nb file
111754,177670103,nb file
111796,177656602,no code
111933,177696267,no code
111968,177704363,no code
112091,177773314,no code
112094,177773314,no code
112097,177773314,no code
112103,177773314,no code
112182,177725157,longer_beginning
112182,177725157,longer_ending
112186,177725157,longer_beginning
112186,177725157,longer_ending
112210,177764541,no code
112211,177764541,no code
112221,177764541,no code
112222,177764541,no code
112223,177764541,no code
112457,177850296,no code
112652,177903985,nb file
112670,177918270,no code
112677,177919797,no code
112693,177919797,no code
112739,177961280,no code
112769,177974942,no code
112770,177974942,no code
112772,177974942,no code
112817,177938158,has_author
112880,177987139,no code
112919,178027621,no code
112920,178027621,nb file
112991,177985042,no code
112992,177985042,no code
113009,178042732,nb file
113174,178083018,no code
113175,178083018,nb file
113190,178083018,no code
113215,178075638,no code
113303,178129847,filtered out
113304,178129847,filtered out
113377,178105639,no code
113380,178105639,nb file
113419,178108488,nb file
113583,178251395,no code
113596,178251395,no code
113675,178235921,no code
114108,178336070,no code
114109,178336070,no code
114112,178336070,no code
114115,178336070,no code
114118,178336070,no code
114119,178336070,no code
114121,178336070,no code
114123,178336070,no code
114153,178300343,no code
114208,178358248,no code
114258,178380130,md_format
114261,178355213,no code
114263,178355213,no code
114264,178355213,no code
114265,178355213,no code
114266,178355213,no code
114271,178355213,no code
114272,178355213,no code
114273,178355213,no code
114274,178355213,no code
114275,178355213,no code
114276,178355213,no code
114277,178355213,no code
114278,178355213,no code
114285,178355213,no code
114287,178355213,no code
114289,178355213,no code
114290,178355213,no code
114292,178355213,no code
114293,178355213,no code
114298,178355213,no code
114299,178355213,no code
114301,178355213,no code
114303,178355213,no code
114304,178355213,no code
114307,178355213,no code
114311,178355213,no code
114314,178355213,no code
114317,178355213,no code
114318,178355213,no code
114321,178355213,no code
114322,178355213,no code
114324,178355213,no code
114326,178355213,no code
114327,178355213,no code
114329,178355213,no code
114331,178355213,no code
114332,178355213,no code
114333,178355213,no code
114338,178355213,no code
114343,178355213,no code
114347,178355213,no code
114351,178355213,no code
114355,178355213,no code
114356,178355213,no code
114357,178355213,no code
114362,178355213,no code
114365,178355213,no code
114368,178355213,no code
114376,178355213,no code
114378,178355213,no code
114379,178355213,no code
114383,178355213,no code
114384,178355213,no code
114385,178355213,no code
114393,178397297,no code
114461,178354003,no code
114479,178354003,no code
114524,178416450,nb file
114556,178401330,no code
114571,178401619,no code
114574,178401619,no code
114637,178475382,has_reqtext
114653,178485155,no code
114666,178475895,nb file
114672,178475895,nb file
114749,178517929,no code
114753,178517929,no code
114758,178517929,no code
114759,178517929,no code
114765,178517929,no code
114768,178517929,no code
114772,178517929,no code
114773,178517929,no code
114777,178517929,no code
114781,178517929,no code
114852,178514726,no code
114887,178499106,no code
114889,178499106,no code
114890,178499106,no code
114892,178499106,no code
114893,178499106,no code
114901,178511682,no code
114903,178511682,no code
114919,178511682,no code
114947,178511682,no code
114965,178511682,no code
114990,178511682,nb file
115026,178532442,no code
115027,178532442,no code
115041,178532442,no code
115159,178545757,no code
115164,178545757,no code
115191,178539758,no code
115203,178526289,no code
115379,178565805,no code
115390,178585504,no code
115426,178597424,no code
115479,178620610,no code
115559,178608613,no code
115613,178625005,no code
115677,178633684,no code
115679,178633684,no code
115693,178633684,no code
115695,178633684,no code
115723,178633684,no code
115727,178633684,no code
115735,178633684,no code
115744,178633684,no code
115748,178633684,no code
115764,178633684,no code
115768,178633684,no code
115799,178627092,no code
115831,178636609,no code
115837,178648546,no code
115984,178664497,no code
116132,178715521,no code
116138,178712209,no code
116210,178743954,no code
116284,178750063,no code
116294,178750063,no code
116300,178750063,nb file
116314,178750063,no code
116315,178750063,no code
116383,178750063,no code
116420,178725290,no code
116421,178725290,no code
116436,178725290,no code
116439,178725290,no code
116443,178725290,no code
116450,178725290,no code
116470,178763576,no code
116475,178763576,no code
116476,178763576,no code
116478,178763576,no code
116483,178763576,no code
116486,178763576,no code
116488,178763576,no code
116490,178763576,no code
116495,178763576,no code
116497,178763576,no code
116499,178763576,no code
116502,178763576,no code
116506,178763576,no code
116509,178763576,no code
116510,178763576,no code
116515,178763576,no code
116518,178763576,no code
116521,178763576,no code
116524,178763576,no code
116526,178763576,no code
116532,178763576,no code
116533,178763576,no code
116536,178763576,no code
116538,178763576,no code
116548,178763576,no code
116549,178763576,no code
116553,178763576,no code
116554,178763576,no code
116555,178763576,no code
116556,178763576,no code
116560,178763576,no code
116564,178763576,no code
116565,178763576,no code
116567,178763576,no code
116568,178763576,no code
116570,178763576,no code
116573,178763576,no code
116576,178763576,no code
116577,178763576,no code
116578,178763576,no code
116581,178763576,no code
116582,178763576,no code
116583,178763576,no code
116585,178763576,no code
116587,178763576,no code
116596,178763576,no code
116597,178763576,no code
116598,178763576,no code
116599,178763576,no code
116600,178763576,no code
116602,178763576,no code
116604,178763576,no code
116606,178763576,no code
116608,178763576,no code
116610,178763576,no code
116614,178763576,no code
116618,178763576,no code
116640,178787331,has_reqtext
116661,178787331,has_reqtext
116665,178787331,has_reqtext
116744,178766079,no code
116760,178766079,no code
116837,178764205,no code
116838,178764205,no code
117103,178863361,no code
117104,178863361,no code
117105,178863361,no code
117106,178863361,no code
117108,178863361,no code
117310,178953944,api
117311,178953944,api
117312,178953944,api
117313,178953944,api
117314,178953944,api
117315,178953944,api
117316,178953944,api
117317,178953944,api
117318,178953944,api
117319,178953944,api
117320,178953944,api
117321,178953944,api
117322,178953944,api
117323,178953944,api
117324,178953944,api
117325,178953944,api
117326,178953944,api
117327,178953944,no code
117328,178953944,api
117329,178953944,api
117330,178953944,api
117331,178953944,api
117332,178953944,nb file
117333,178953944,api
117334,178953944,api
117335,178953944,api
117336,178953944,api
117337,178953944,api
117338,178953944,api
117339,178953944,api
117340,178953944,api
117341,178953944,api
117342,178953944,api
117343,178953944,api
117344,178953944,api
117345,178953944,api
117346,178953944,api
117347,178953944,api
117348,178953944,api
117349,178953944,api
117350,178953944,api
117588,178981694,no code
117730,179020903,no code
117732,179020903,no code
117735,179020903,no code
117738,179020903,no code
117744,179020903,no code
117752,179020903,no code
117753,179020903,no code
117761,179020903,no code
117858,179020757,no code
118425,179166747,no code
118440,179166747,no code
118597,179204093,no code
118599,179204093,no code
118600,179204093,no code
118604,179204093,no code
118607,179204093,no code
118609,179204093,no code
118612,179204093,no code
118615,179204093,no code
118616,179204093,no code
118619,179204093,no code
118624,179204093,no code
118625,179204093,no code
118631,179204093,no code
118636,179204093,no code
118638,179204093,no code
118644,179204093,no code
118648,179204093,no code
118649,179204093,no code
118665,179204093,no code
118667,179204093,no code
118669,179204093,no code
118670,179204093,no code
118673,179204093,no code
118675,179204093,no code
118683,179204093,no code
118686,179204093,no code
118690,179204093,no code
118691,179204093,no code
118707,179204093,no code
118712,179204093,no code
118715,179204093,no code
118717,179204093,no code
118725,179204093,no code
118726,179204093,no code
118731,179204093,no code
118732,179204093,no code
118736,179204093,no code
118739,179204093,no code
118740,179204093,no code
118748,179204093,no code
118753,179204093,no code
118756,179204093,no code
118757,179204093,no code
118764,179204093,no code
118772,179204093,no code
118779,179204093,no code
118780,179204093,no code
118783,179204093,no code
118786,179204093,no code
118792,179204093,no code
118797,179204093,no code
118800,179204093,no code
118804,179204093,no code
118809,179204093,no code
118810,179204093,no code
118824,179218577,nb file
118837,179215716,no code
118839,179186905,no code
118840,179186905,no code
118841,179186905,no code
118842,179186905,no code
118846,179197369,no code
118847,179197369,no code
118850,179197369,no code
118884,179205784,no code
118918,179221081,no code
118919,179221081,no code
118925,179221081,no code
118929,179221081,no code
118930,179221081,no code
118959,179221580,nb file
119004,179237466,no code
119055,179309100,output_cell_prop
119055,179309100,image_prop
119087,179338476,no code
119088,179338476,no code
119214,179361366,no code
119215,179361366,no code
119335,179363984,no code
119429,179414898,no code
119443,179414898,no code
119450,179414898,no code
119478,179414898,no code
119482,179414898,no code
119490,179411005,nb file
119500,179402401,has_author
119501,179402401,has_author
119502,179402401,has_author
119605,179473047,no code
119608,179473047,no code
119611,179473047,no code
119613,179473047,no code
119614,179473047,no code
119616,179473047,no code
119617,179473047,no code
119620,179473047,no code
119663,179474498,has_author
119664,179474498,has_author
119665,179474498,has_author
119666,179474498,has_author
119729,179490570,no code
119779,179530344,no code
119784,179530344,no code
119803,179530344,no code
119818,179530344,no code
119826,179530344,no code
119832,179530344,no code
119839,179530344,no code
119848,179530344,no code
119849,179530344,no code
119852,179530344,no code
119869,179530344,no code
119892,179524483,has_author
119893,179524483,has_author
119924,179587286,no code
119966,179587286,no code
120053,179557276,no code
120057,179557276,no code
120192,179611036,no code
120198,179611036,no code
120201,179611036,no code
120203,179611036,no code
120340,179652079,no code
120343,179652079,no code
120445,179706808,no code
120510,179704600,no code
120512,179704600,no code
120513,179704600,no code
120524,179704600,no code
120525,179704600,no code
120548,179691962,no code
120552,179691962,no code
120675,179769475,no code
120701,179735728,nb file
120702,179735728,no code
120708,179735728,no code
120841,179784434,no code
120863,179793442,no code
120900,179793442,no code
120901,179793442,no code
121129,179806220,no code
121187,179824120,no code
121327,179853293,num_commits
121343,179876359,no code
121362,179876359,nb file
121477,179873562,no code
121565,179922157,no code
121579,179908284,nb file
121666,179911553,no code
121672,179911553,no code
121761,179922904,no code
121767,179922904,no code
121830,179937780,no code
121900,179937780,no code
122086,179949051,no code
122087,179949051,no code
122100,179979979,no code
122194,179963485,no code
122202,179963485,no code
122206,179963485,no code
122208,179963485,no code
122216,179963485,no code
122222,179963485,no code
122223,179963485,no code
122226,179963485,no code
122254,179997986,no code
122255,179997986,no code
122257,179997986,no code
122259,179997986,no code
122260,179997986,no code
122311,179969609,no code
122318,179969609,no code
122334,179969609,no code
122396,180037410,no code
122402,180037410,no code
122495,180073047,no code
122561,180053763,no code
122562,180053763,no code
122580,180043410,no code
122584,180043410,no code
122585,180043410,no code
122589,180043410,no code
122662,180086043,nb file
122663,180086043,nb file
122694,180108456,no code
122700,180108456,no code
122820,180144481,no code
122831,180181062,no code
122869,180167805,filtered out
122995,180186723,no code
123038,180186723,no code
123346,180217306,no code
123365,180207022,no code
123429,180256595,no code
123453,180277431,no code
123472,180267373,no code
123483,180267373,no code
123490,180295523,no code
123496,180279495,no code
123497,180279495,no code
123499,180279495,no code
123585,180345331,no code
123644,180303445,no code
123701,180303445,no code
123783,180407552,no code
123793,180407552,no code
123808,180407552,no code
123810,180407552,no code
123892,180365441,no code
123954,180420245,no code
123969,180420245,no code
123974,180420245,no code
124000,180420245,no code
124133,180463780,nb file
124163,180430608,no code
124317,180482572,no code
124353,180483746,no code
124361,180486812,no code
124632,180519723,has_reqtext
124660,180519723,has_reqtext
124772,180526516,no code
124844,180571437,nb file
124963,180633762,no code
124998,180586542,no code
125004,180588506,no code
125022,180627464,no code
125054,180627464,no code
125069,180627464,no code
125143,180650392,no code
125179,180669346,no code
125211,180643503,no code
125229,180643503,no code
125259,180647624,nb file
125296,180715416,no code
125299,180715416,no code
125315,180715170,no code
125348,180696769,no code
125349,180696769,no code
125351,180696769,no code
125353,180696769,no code
125449,180720876,no code
125456,180720876,no code
125562,180777250,has_author
125728,180793707,no code
125737,180793707,no code
125945,180858316,no code
126085,180852758,no code
126106,180852758,no code
126139,180910722,no code
126277,180979528,nb file
126482,180955604,no code
126515,180955604,no code
126520,180955604,no code
126527,180955604,no code
126544,180965464,no code
126562,181026091,no code
126569,181026091,no code
126612,181025925,no code
126620,181007408,no code
126735,181013997,no code
126736,181013997,no code
126772,181080976,no code
126864,181081983,no code
126867,181081983,no code
126868,181081983,no code
126872,181081983,no code
126901,181073194,filtered out
126902,181073194,filtered out
126903,181073194,filtered out
126904,181073194,filtered out
126905,181073194,filtered out
126906,181073194,filtered out
126907,181073194,filtered out
126908,181073194,filtered out
126909,181073194,filtered out
126910,181073194,filtered out
126911,181073194,filtered out
126912,181073194,filtered out
126913,181073194,filtered out
126914,181073194,filtered out
126915,181073194,filtered out
126916,181073194,filtered out
126917,181073194,filtered out
126918,181073194,filtered out
126919,181073194,filtered out
126920,181073194,filtered out
126921,181073194,filtered out
126922,181073194,filtered out
126923,181073194,filtered out
126924,181073194,filtered out
127027,181114486,no code
127082,181100830,no code
127085,181100830,no code
127167,181109757,no code
127201,181154897,has_reqtext
127211,181135371,no code
127370,181203836,nb file
127428,181197377,no code
127431,181197377,no code
127449,181165995,no code
127512,181195073,no code
127533,181239962,nb file
127539,181239962,no code
127560,181239962,no code
127655,181239962,no code
127750,181239962,no code
127787,181239962,no code
127874,181239962,no code
127894,181229385,no code
127895,181229385,no code
127909,181235698,no code
127910,181235698,no code
127911,181235698,no code
127912,181235698,no code
127913,181235698,no code
128052,181264113,no code
128053,181264113,no code
128110,181252139,no code
128126,181252139,no code
128141,181252139,no code
128164,181252139,no code
128170,181252139,no code
128292,181245378,no code
128302,181245378,no code
128312,181245378,no code
128324,181245378,no code
128327,181245378,no code
128329,181245378,no code
128347,181245378,no code
128361,181246867,no code
128370,181246867,no code
128378,181246867,no code
128389,181283311,no code
128390,181283311,no code
128406,181283311,no code
128421,181283311,no code
128423,181283311,no code
128439,181283311,no code
128454,181283311,no code
128502,181292812,no code
128707,181350005,nb file
128756,181372148,no code
128768,181352290,no code
128851,181413619,no code
128856,181413619,no code
128862,181413619,no code
128863,181413619,no code
128864,181413619,no code
128882,181415033,no code
129138,181431436,no code
129157,181457867,nb file
129292,181525251,no code
129297,181504304,no code
129303,181482327,no code
129307,181482327,no code
129371,181571156,has_reqtext
129427,181581155,has_reqtext
129429,181581155,has_reqtext
129431,181581155,has_reqtext
129436,181554560,no code
129449,181554560,no code
129488,181547707,no code
129732,181588235,filtered out
129733,181588235,filtered out
129734,181588235,filtered out
129735,181588235,filtered out
129736,181588235,filtered out
129737,181588235,filtered out
129738,181588235,filtered out
129739,181588235,filtered out
129740,181588235,filtered out
129741,181588235,filtered out
129742,181588235,filtered out
129743,181588235,filtered out
129744,181588235,filtered out
129745,181588235,filtered out
129746,181588235,filtered out
129747,181588235,filtered out
129748,181588235,filtered out
129749,181588235,filtered out
129750,181588235,filtered out
129751,181588235,filtered out
129752,181588235,filtered out
129753,181588235,filtered out
129754,181588235,filtered out
129755,181588235,filtered out
129756,181588235,filtered out
129757,181588235,filtered out
129758,181588235,filtered out
129759,181588235,filtered out
129760,181588235,filtered out
129761,181588235,filtered out
129762,181588235,filtered out
129763,181588235,filtered out
129764,181588235,filtered out
129765,181588235,filtered out
129766,181588235,filtered out
129767,181588235,filtered out
129768,181588235,filtered out
129769,181588235,filtered out
129770,181588235,filtered out
129771,181588235,filtered out
129772,181588235,filtered out
129773,181588235,filtered out
129774,181588235,filtered out
129775,181588235,filtered out
129776,181588235,filtered out
129777,181588235,filtered out
129778,181588235,filtered out
129779,181588235,filtered out
129780,181588235,filtered out
129781,181588235,filtered out
129782,181588235,filtered out
129783,181588235,filtered out
129784,181588235,filtered out
129785,181588235,filtered out
129786,181588235,filtered out
129787,181588235,filtered out
129788,181588235,filtered out
129789,181588235,filtered out
129790,181588235,filtered out
129791,181588235,filtered out
129792,181588235,filtered out
129793,181588235,filtered out
129794,181588235,filtered out
129795,181588235,filtered out
129796,181588235,filtered out
129797,181588235,filtered out
129798,181588235,filtered out
129799,181588235,filtered out
129800,181588235,filtered out
129801,181588235,filtered out
129802,181588235,filtered out
129803,181588235,filtered out
129804,181588235,filtered out
129805,181588235,filtered out
129806,181588235,filtered out
129807,181588235,filtered out
129808,181588235,filtered out
129809,181588235,filtered out
129810,181588235,filtered out
129811,181588235,filtered out
129812,181588235,filtered out
129813,181588235,filtered out
129814,181588235,filtered out
129815,181588235,filtered out
129816,181588235,filtered out
129817,181588235,filtered out
129818,181588235,filtered out
129819,181588235,filtered out
129821,181607885,no code
129822,181607885,no code
129827,181607885,no code
129828,181607885,no code
129831,181607885,no code
129892,181656807,no code
129898,181656807,no code
129970,181631877,no code
129972,181631877,no code
129991,181631877,no code
130004,181631877,no code
130012,181631877,no code
130019,181631877,no code
130029,181631877,no code
130037,181631877,no code
130039,181631877,no code
130042,181631877,no code
130056,181631877,no code
130066,181637880,has_author
130071,181638975,no code
130102,181638975,no code
130113,181638975,no code
130143,181736709,no code
130147,181736709,no code
130189,181733846,no code
130191,181733846,no code
130200,181733846,no code
130201,181733846,no code
130229,181698166,no code
130304,181698166,no code
130315,181698166,no code
130392,181698166,no code
130405,181722973,no code
130454,181682158,no code
130474,181726463,no code
130551,181743501,no code
130555,181743501,no code
130558,181743501,no code
130560,181743501,no code
130561,181743501,no code
130567,181743501,no code
130569,181743501,no code
130571,181743501,no code
130573,181743501,no code
130580,181743501,no code
130582,181743501,no code
130583,181743501,no code
130589,181743501,no code
130591,181743501,no code
130593,181743501,no code
130594,181743501,no code
130597,181743501,no code
130600,181743501,no code
130650,181778812,no code
130698,181759319,no code
130759,181747932,no code
130825,181815672,no code
130826,181815672,no code
130855,181796718,no code
130895,181809294,no code
130920,181809294,no code
130927,181809294,no code
131002,181793650,no code
131043,181805285,no code
131068,181805285,no code
131084,181805285,no code
131085,181805285,no code
131161,181856014,no code
131173,181849707,no code
131254,181878379,no code
131263,181878379,no code
131313,181878379,no code
131363,181913936,no code
131364,181913936,no code
131386,181882915,no code
131443,181882915,no code
131457,181882915,no code
131747,181974852,no code
131764,181957602,no code
131773,181966745,no code
131835,182017316,no code
131843,182017316,num_commits
131846,182017316,num_commits
131847,182017316,nb file
131848,182017316,no code
131851,182017316,num_commits
131853,182017316,num_commits
131859,182017316,num_commits
131865,182017316,num_commits
131873,182017316,nb file
131930,181986321,no code
132045,181993777,no code
132110,182019148,no code
132116,182009096,no code
132266,182063526,no code
132274,182063526,no code
132301,182063526,no code
132307,182053289,no code
132319,182076789,no code
132330,182078138,no code
132332,182052783,no code
132565,182111972,no code
132619,182114583,has_author
132620,182114583,has_author
132621,182114583,has_author
132622,182114583,has_author
132623,182114583,has_author
132624,182114583,has_author
132625,182114583,has_author
132626,182114583,has_author
132666,182092182,nb file
132675,182128903,no code
132679,182128903,no code
132682,182128903,no code
132683,182128903,no code
132685,182128903,no code
132705,182152815,no code
132711,182152815,no code
132716,182152815,no code
132825,182164270,no code
132849,182164270,no code
132867,182164270,no code
132872,182164270,no code
132896,182161870,no code
132900,182161891,no code
132932,182159565,no code
132983,182206893,no code
132987,182206893,no code
132989,182206893,no code
133018,182206893,no code
133039,182206893,no code
133046,182184592,has_reqtext
133052,182184592,has_reqtext
133058,182184592,has_reqtext
133061,182184592,has_reqtext
133097,182206534,no code
133110,182196312,no code
133132,182209852,no code
133147,182209852,no code
133162,182209852,no code
133170,182209852,no code
133176,182209852,no code
133185,182209852,no code
133192,182209852,no code
133194,182209852,no code
133198,182209852,no code
133214,182209852,no code
133218,182209852,no code
133270,182217384,no code
133274,182217384,no code
133276,182217384,no code
133305,182217384,no code
133326,182217384,no code
133330,182255265,no code
133336,182255265,no code
133464,182255563,no code
133465,182255563,no code
133612,182299682,no code
133658,182280593,nb file
133695,182302462,no code
133706,182302462,no code
133733,182302462,no code
133797,182281186,no code
133969,182390153,no code
133979,182390153,no code
133983,182390153,no code
133984,182390153,no code
133987,182390153,no code
133992,182390153,no code
133997,182390153,no code
133998,182390153,no code
134000,182390153,no code
134006,182390153,no code
134007,182390153,no code
134011,182390153,no code
134012,182390153,no code
134029,182390153,no code
134040,182390153,no code
134043,182390153,no code
134048,182390153,no code
134057,182390153,no code
134059,182390153,no code
134066,182390153,no code
134067,182390153,no code
134073,182390153,no code
134075,182390153,no code
134077,182390153,no code
134084,182390153,no code
134085,182390153,no code
134090,182390153,no code
134093,182390153,no code
134097,182390153,no code
134123,182400542,no code
134185,182419735,no code
134193,182419735,no code
134203,182419735,no code
134210,182419735,no code
134230,182411099,no code
134289,182407059,no code
134355,182427997,no code
134459,182427997,no code
134497,182439789,no code
134498,182439789,no code
134499,182439789,no code
134504,182455042,no code
134531,182448195,no code
134599,182455494,no code
134645,182466273,no code
134699,182469779,nb file
134729,182487817,no code
134731,182487817,no code
134740,182487817,no code
134781,182511903,no code
134805,182497046,no code
134935,182504655,no code
135126,182576532,no code
135128,182576532,no code
135129,182576532,no code
135133,182576532,no code
135135,182576532,no code
135139,182576532,no code
135144,182576532,no code
135147,182576532,no code
135151,182576532,no code
135152,182576532,no code
135174,182588944,has_author
135175,182588944,has_author
135176,182588944,has_author
135207,182614028,no code
135209,182614028,no code
135211,182614028,no code
135293,182611958,no code
135305,182611958,no code
135385,182611320,no code
135389,182611320,no code
135393,182611320,no code
135395,182611320,no code
135396,182611320,no code
135397,182611320,no code
135398,182611320,no code
135407,182611320,no code
135408,182611320,no code
135419,182642918,no code
135426,182642918,no code
135430,182642918,no code
135524,182685746,no code
135743,182643327,no code
135773,182643327,no code
135778,182643327,no code
135783,182643327,no code
135833,182643327,no code
135891,182797224,no code
136063,182851647,no code
136169,182852444,no code
136173,182852444,no code
136174,182852444,no code
136190,182852444,no code
136196,182852444,no code
136199,182852444,no code
136338,182895064,no code
136360,182902434,no code
136384,182901649,api
136448,182986943,no code
136479,182956659,no code
136504,183036685,no code
136676,183074792,no code
136785,183115840,no code
136794,183115840,no code
136821,183143219,no code
136826,183143219,no code
136909,183113950,no code
136910,183113950,no code
136941,183113950,no code
136992,183113950,no code
137024,183155105,no code
137025,183155105,no code
137027,183155105,no code
137030,183137931,no code
137035,183146712,no code
137132,183201711,output_cell_prop
137132,183201711,image_prop
137279,183267080,no code
137282,183267080,no code
137283,183267080,no code
137315,183267080,no code
137379,183230951,no code
137420,183230951,no code
137489,183230354,no code
137595,183264474,no code
137603,183264474,no code
137609,183264474,no code
137632,183313506,no code
137658,183283096,no code
137661,183283096,no code
137665,183283096,no code
137676,183283096,no code
137682,183283096,no code
137692,183283096,no code
137753,183308953,nb file
137756,183308953,nb file
137785,183289123,no code
137787,183289123,no code
137788,183289123,no code
137789,183289123,no code
137790,183289123,no code
137791,183289123,no code
137792,183289123,no code
137794,183289123,no code
137795,183289123,no code
137796,183289123,no code
137797,183289123,no code
137798,183289123,no code
137799,183289123,no code
137800,183289123,no code
137840,183305741,no code
137965,183366114,no code
137970,183366114,no code
137983,183366114,no code
137993,183366114,no code
138043,183365903,no code
138044,183365903,no code
138046,183365903,no code
138047,183365903,no code
138049,183365903,no code
138050,183365903,no code
138053,183365903,no code
138059,183365903,no code
138061,183365903,no code
138064,183365903,no code
138073,183356034,no code
138095,183374583,no code
138213,183466071,no code
138286,183428909,no code
138309,183444695,no code
138489,183556179,no code
138493,183556179,no code
138519,183556179,no code
138523,183556179,no code
138561,183556179,no code
138564,183556179,no code
138570,183556179,no code
138573,183556179,no code
138574,183556179,no code
138575,183556179,no code
138580,183556179,no code
138581,183556179,no code
138674,183555600,no code
138795,183584148,no code
138805,183584148,no code
138806,183584148,no code
138844,183584148,no code
138861,183617001,no code
138921,183658524,nb file
138937,183665765,no code
139002,183649302,no code
139017,183666031,no code
139021,183666031,no code
139022,183666031,no code
139024,183666031,no code
139025,183666031,no code
139030,183666031,no code
139248,183729552,no code
139260,183729552,no code
139294,183726294,no code
139367,183726294,no code
139385,183726294,no code
139398,183726294,nb file
139404,183726294,no code
139419,183726294,no code
139446,183726294,no code
139470,183726294,nb file
139473,183726294,no code
139550,183726294,no code
139608,183726294,no code
139626,183726294,no code
139628,183726294,no code
139634,183726294,nb file
139650,183726294,nb file
139668,183726294,no code
139687,183726294,nb file
139692,183726294,no code
139699,183726294,no code
139701,183726294,nb file
139749,183726294,no code
139782,183726294,no code
139786,183726294,nb file
139787,183726294,no code
139822,183726294,no code
139832,183726294,no code
139841,183726294,no code
139857,183732759,no code
139861,183732759,no code
139863,183732759,no code
139869,183732759,no code
139888,183712974,no code
139932,183708446,no code
139933,183708446,no code
139934,183708446,no code
139935,183708446,no code
139952,183734502,nb file
139978,183711836,nb file
139999,183725013,nb file
140026,183725836,no code
140042,183725836,no code
140047,183725836,no code
140052,183725836,no code
140115,183761345,no code
140131,183761345,no code
140136,183761345,no code
140141,183761345,no code
140274,183736832,no code
140284,183736832,no code
140293,183745961,no code
140308,183748730,no code
140333,183774293,no code
140398,183786443,has_author
140438,183800061,api
140439,183800061,api
140500,183821479,no code
140581,183818290,no code
140700,183826329,nb file
140708,183831456,no code
140710,183831456,no code
140711,183831456,no code
140742,183812383,no code
140750,183813617,no code
140776,183859952,no code
140793,183858795,no code
140888,183845401,image_prop
140988,183877713,no code
141024,183883255,no code
141128,183895631,no code
141134,183895631,no code
141140,183895631,no code
141196,183875733,no code
141236,183940424,has_export
141236,183940424,num_functions
141236,183940424,has_test
141236,183940424,num_headers
141236,183940424,has_param
141237,183940424,nb file
141238,183940424,has_export
141238,183940424,num_functions
141287,183924214,no code
141288,183924214,no code
141338,183919338,num_commits
141339,183919338,num_commits
141342,183919338,num_commits
141403,183937316,no code
141405,183937316,no code
141410,183937316,no code
141413,183937316,no code
141502,184960651,no code
141503,184960651,no code
141506,184960651,no code
141509,184960651,no code
141511,184960651,no code
141513,184960651,no code
141515,184960651,no code
141520,184960651,no code
141523,184960651,no code
141582,184970517,no code
141583,184970517,nb file
141707,185023010,no code
141708,185023010,no code
141739,185023498,no code
141742,185023498,no code
141754,185023498,no code
141776,185016862,no code
141830,185014185,no code
141858,185022161,no code
141859,185022161,no code
141860,185022161,no code
141892,185015666,no code
141911,185036280,no code
141912,185036280,no code
141913,185036280,no code
141915,185036280,no code
141916,185036280,no code
141917,185036280,no code
141918,185036280,no code
141919,185036280,no code
141920,185036280,no code
141921,185036280,no code
141922,185036280,no code
141923,185036280,no code
141924,185036280,no code
141925,185036280,no code
141926,185036280,no code
141927,185036280,no code
141930,185036280,no code
141931,185036280,no code
141932,185036280,no code
141934,185036280,no code
141935,185036280,no code
141936,185036280,no code
141937,185036280,no code
141938,185036280,no code
141939,185036280,no code
141940,185036280,no code
141941,185036280,no code
141942,185036280,no code
141945,185036280,no code
141946,185036280,no code
141947,185036280,no code
142156,185069779,no code
142164,185069779,no code
142383,185113364,no code
142431,185113364,no code
142453,185113364,no code
142509,185113364,no code
142511,185113364,no code
142524,185113364,no code
142550,185109407,no code
142570,185097201,no code
142571,185097201,no code
142573,185097201,no code
142574,185097201,no code
142618,185136269,has_reqtext
142707,185161671,no code
142709,185161671,no code
142711,185161671,no code
142712,185161671,no code
142765,185146812,no code
142831,185167285,no code
142855,185141220,no code
142856,185141220,no code
142861,185141220,no code
142864,185141220,no code
142865,185141220,no code
142892,185210388,no code
143028,185211083,no code
143071,185254083,no code
